{
    "Fibroblasts": [
        0.86,
        0.3712,
        0.33999999999999997
    ],
    "NK cells": [
        0.86,
        0.7612000000000001,
        0.33999999999999997
    ],
    "Endothelial cells": [
        0.5688000000000001,
        0.86,
        0.33999999999999997
    ],
    "MAST cells": [
        0.33999999999999997,
        0.86,
        0.5012000000000001
    ],
    "Epithelial cells": [
        0.33999999999999997,
        0.8287999999999999,
        0.86
    ],
    "T lymphocytes": [
        0.33999999999999997,
        0.43879999999999986,
        0.86
    ],
    "B lymphocytes": [
        0.6311999999999998,
        0.33999999999999997,
        0.86
    ],
    "Myeloid cells": [
        0.86,
        0.33999999999999997,
        0.6987999999999996
    ]
}